{"pixar":-0.19983174522338792,"fun":-0.28755919551256576,"adventure":-0.04304928372508557,"animation":1.4593571066492765,"children":1.4507126963283223,"comedy":-0.37797585483510715,"fantasy":1.8669885051056063,"moldy":-0.24517729767514262,"old":-0.24517729767514262,"romance":-0.6000481090777433,"mystery":0.9666604139530032,"twist ending":1.305469811382323,"serial killer":-0.5244125368486263,"thriller":-0.23303686288075337,"mindfuck":0.5614249403848182,"suspense":-0.9681615476073439,"tricky":0.3385691776162749,"heist":0.4128439664588319,"crime":0.29551496975397595,"off-beat comedy":0.5347888554864364,"quirky":-0.026855610988187548,"beautiful scenery":-0.11168987761268995,"epic":0.24289873951600266,"historical":-0.12080741695436877,"inspirational":-0.09963714620068391,"medieval":-0.12080741695436877,"mel gibson":-0.11168987761268995,"oscar (best cinematography)":-0.12080741695436877,"revenge":0.08998236611342643,"sword fight":-0.12080741695436877,"scotland":-0.12080741695436877,"action":-1.6355565557898775,"drama":1.0080806312425892,"war":-0.41422893290720164,"school":0.36076396793704235,"adam sandler":0.32183303434113425,"stop looking at me swan":0.39021408231654287,"cynical":-0.5946016193942092,"hilarious":-0.566208183816911,"independent film":-0.6431405181138609,"witty":-0.5961695247847447,"generation x":-0.5460627206745576,"movie business":-0.3233479327618443,"classic":0.7101097801158249,"space action":0.16780122338806,"sci-fi":-0.913939403473381,"great soundtrack":0.1556048346702221,"classic sci-fi":0.16780122338806,"engrossing adventure":0.16780122338806,"nerd":0.16780122338806,"space epic":0.16780122338806,"oldie but goodie":0.16780122338806,"star wars":0.1551369822810727,"robots and androids":0.16780122338806,"space":0.2941308662637886,"space adventure":0.16780122338806,"darth vader":0.49769403162966275,"luke skywalker":0.49769403162966275,"space opera":0.6381589706165982,"good dialogue":-0.09619860289242625,"non-linear":-0.11330057329245401,"cult film":0.016794853063569384,"drugs":0.015873678884960232,"quentin tarantino":0.09975521378673659,"tarantino":0.11182222739125235,"hit men":-0.3171609278383294,"1990s":-0.11330057329245401,"achronological":-0.11330057329245401,"action packed":-0.11330057329245401,"aggressive":-0.11330057329245401,"amazing":-0.11330057329245401,"amazing dialogues":-0.11330057329245401,"anthology":-0.11330057329245401,"assassin":-0.09974758240621043,"atmospheric":-0.3703720869546867,"awesome":-0.09974758240621043,"bad ass":-0.11330057329245401,"bad language":-0.11330057329245401,"bad-ass":-0.11330057329245401,"bible":0.2745362132081444,"biblical references":-0.11330057329245401,"big boys with guns":-0.11330057329245401,"big name actors":-0.11330057329245401,"black comedy":0.015038246771290412,"black humor":-0.11330057329245401,"black humour":-0.11330057329245401,"blood":-0.11330057329245401,"blood splatters":-0.11330057329245401,"bloody":-0.09974758240621043,"bruce willis":-0.09974758240621043,"brutality":-0.09974758240621043,"casual violence":-0.11330057329245401,"character development":-0.11330057329245401,"characters":-0.10474958809244013,"classic movie":-0.11330057329245401,"coke":-0.11330057329245401,"conversation":-0.11330057329245401,"cool":-0.11330057329245401,"cool style":-0.11330057329245401,"crime scene scrubbing":-0.11330057329245401,"cult":-0.10474958809244013,"cult classic":0.019290784901812227,"dance":-0.09974758240621043,"dancing":-0.11330057329245401,"dark":-0.0033446771202626374,"dark comedy":0.6907166726024591,"dark humor":0.6353942102074315,"dialogue":-0.22704106259834753,"different":-0.11330057329245401,"diner":-0.11330057329245401,"disjointed timeline":-0.11330057329245401,"disturbing":-1.225948180143878,"drug overdose":-0.11330057329245401,"drugs & music":-0.11330057329245401,"ensemble cast":0.10648248880665465,"entertaining":-0.11330057329245401,"entirely dialogue":-0.11330057329245401,"episodic":-0.11330057329245401,"exciting":-0.11330057329245401,"fast paced":-0.11330057329245401,"fast-paced":-0.11330057329245401,"film noir":-0.11330057329245401,"film-noir":0.24565336111681646,"foul language":-0.11330057329245401,"funny":0.013843018462384046,"gangster":-0.10474958809244013,"gangsters":-0.09974758240621043,"genius":-0.11330057329245401,"golden watch":-0.11330057329245401,"good music":-0.11330057329245401,"gore":-0.11330057329245401,"great acting":-0.004217922383833811,"great dialogue":0.019290784901812227,"gritty":-0.08929492290275332,"guns":-0.22704106259834753,"harvey keitel":-0.11330057329245401,"heroin":-0.10474958809244013,"highly quotable":0.018369610723203075,"hitman":-0.09974758240621043,"homosexuality":-0.11330057329245401,"humour":-0.10474958809244013,"iconic":-0.11330057329245401,"imdb top 250":-0.44794755798201635,"innovative":-0.11330057329245401,"intellectual":-0.10474958809244013,"intelligent":-0.08929492290275332,"intense":-0.09619860289242625,"interesting":-0.09619860289242625,"intertwining storylines":-0.11330057329245401,"interwoven storylines":-0.11330057329245401,"ironic":-0.10474958809244013,"irony":-0.11330057329245401,"john travolta":-0.11330057329245401,"killer-as-protagonist":-0.11330057329245401,"los angeles":-0.11330057329245401,"mafia":0.4428547903746194,"masterpiece":-0.6328567971994277,"meaningless violence":-0.11330057329245401,"milkshake":-0.11330057329245401,"mobster":-0.11330057329245401,"mobsters":-0.11330057329245401,"monologue":-0.11330057329245401,"motherfucker":-0.11330057329245401,"multiple stories":-0.11330057329245401,"multiple storylines":-0.09974758240621043,"neo-noir":0.11182222739125235,"noir":-0.11330057329245401,"non-linear timeline":-0.11330057329245401,"nonlinear":0.10648248880665465,"nonlinear narrative":-0.11330057329245401,"nonlinear storyline":-0.11330057329245401,"nonlinear timeline":-0.11330057329245401,"notable soundtrack":-0.10474958809244013,"offensive":-0.10474958809244013,"organised crime":-0.11330057329245401,"organized crime":-0.09344580051757574,"original":-0.10474958809244013,"original plot":0.1129110451139201,"out of order":-0.11330057329245401,"palme d'or":-0.11330057329245401,"parody":0.4944932786867351,"philosophical":-0.003589858853331837,"pop culture references":-0.11330057329245401,"psychological":-0.19573300197992405,"pulp":-0.11330057329245401,"quotable":-0.10474958809244013,"r:disturbing violent content including rape":-0.11330057329245401,"r:disturbing violent images":-0.11330057329245401,"r:graphic sexuality":-0.11330057329245401,"r:some violence":-0.11330057329245401,"r:strong bloody violence":-0.11330057329245401,"r:strong language":-0.11330057329245401,"r:sustained strong stylized violence":-0.11330057329245401,"r:violence":-0.11330057329245401,"random":-0.11330057329245401,"rape":-0.10474958809244013,"retro":-0.10474958809244013,"roger avary":-0.11330057329245401,"royal with cheese":-0.11330057329245401,"samuel l. jackson":-0.09619860289242625,"sarcasm":0.017209068508903358,"satire":0.3123100065742682,"sexy":-0.11330057329245401,"smart writing":-0.11330057329245401,"sophisticated":-0.11330057329245401,"soundtrack":-0.09344580051757574,"splatter":-0.11330057329245401,"steve buscemi":0.3057764177916809,"storytelling":-0.11330057329245401,"stylish":-0.09344580051757574,"stylized":0.17456417719959672,"thought-provoking":0.4519482424306469,"travolta":-0.11330057329245401,"uma thurman":-0.11330057329245401,"unique":-0.09344580051757574,"unpredictable":-0.11330057329245401,"unusual":-0.11330057329245401,"very funny":-0.10474958809244013,"violence":0.2865826340800484,"violent":-0.004067850374368992,"time travel":-0.2684104125498455,"tom clancy":-0.28585868471429027,"shrimp":-0.13440197576889967,"vietnam":-0.310672291428742,"bubba gump shrimp":-0.13440197576889967,"lieutenant dan":-0.13440197576889967,"stupid is as stupid does":-0.13440197576889967,"bittersweet":-0.09931108029707301,"emotional":0.16750625890984816,"heartwarming":-0.1022477032924982,"touching":-0.10818129592579623,"based on a tv show":-0.3955258968754074,